" The customer does not exist in the system anymore.","这个客户在系统中不再存在"
" [deleted]"," [已经删除]"
" and ","以及"
"%s (Default Template from Locale)","%s (预设的样板)"
"%s cache type(s) disabled.","%s 停用快取"
"%s cache type(s) enabled.","%s 启动快取"
"%s cache type(s) refreshed.","%s 更新快取"
"(For Type ""Local Server"" need to use relative path to Magento install var/export or var/import, e.g. var/export, var/import, var/export/some/dir, var/import/some/dir)","(在 ""本地服务器"" 类型需要使用相对路径 var/export 或 var/import ，例如 var/export, var/import, var/export/some/dir, var/import/some/dir)"
"(For US 2-letter state names)","(2个字母的州名(适用于美国))"
"(If left empty will be auto-generated)","(如果空白将自动产生)"
"(Leave empty for first spreadsheet)","(空白表示第一个电子表格)"
"(Products will be added/updated to this store if 'store' column is blank or missing in the import file.)","(如果汇入档案中'商店'字段空白或者缺少，产品将被新增/更新到该商店。)"
"(Shift-)Click or drag to change value","(Shift-)点选或者拖曳以变更取值"
"(Starting with)","(开头)"
"(When 'No', only mapped fields will be imported. When mapping, use 'column1', 'column2', etc.)","(为'否'时，仅汇入对应字符串。当对应时，用'column1'、'column2'等。)"
"(You have to increase php memory_limit before changing this value)","（编辑该值之前您必须先新增php 的memory_limit 设定值）"
"(\\t for tab)","(\\t 为跳位符号)"
"* - If indexing is in progress, it will be killed and new indexing process will start.","* - 如果有其他索引程序进行中，它会先被中止，然后开始新的索引程序"
"* Required Fields","* 必填字段"
"- Click on any of the time parts to increase it","- 点选时间任意部分可以使其递增"
"- Hold mouse button on any of the above buttons for faster selection.","- 在上述按钮上长按鼠标以快速选择"
"- Use the %s buttons to select month","- 使用 %s 按钮选择月份"
"- Use the %s, %s buttons to select year","- 使用 %s, %s 按钮选择年份"
"- or Shift-click to decrease it","- 或者按住 Shift 并点选使其递减"
"- or click and drag for faster selection.","- 或者点选并拖曳以快速选择"
"-- Not Selected --","-- 没有被选择过 --"
"-- Please Select --","-- 请选择 --"
"-- Please Select Billing Agreement--","-- 请选择付款协议--"
"-- Please Select a Category --","-- 请选择一个分类 --"
"-- Please select --","-- 请选择 --"
"--Please Select--","--请选择--"
"1 Hour","1 小时"
"12 Hours","12 小时"
"12h AM/PM","12小时 AM/PM"
"2 Hours","2 小时"
"24 Hours","24 小时"
"24h","24小时"
"2YTD","去年开始"
"6 Hours","6 小时"
"<h1 class=""page-heading"">404 Error</h1><p>Page not found.</p>","<h1 class=""page-heading"">404 错误</h1><p>没找到页面。 </p>"
"<strong>%s</strong> requests access to your account","<strong>%s</strong> 请求能够存取您的账号"
"<strong>Attention</strong>: Captcha is case sensitive.","<strong>注意</strong>：文字有区分大小写"
"A user with the same user name or email aleady exists.","一个会员的账号或者e-mail已经存在"
"API Key","API 密钥"
"API Key Confirmation","API 密钥确认"
"ASCII","ASCII"
"Abandoned Carts","已经放弃的购物车"
"About the calendar","关于日历"
"Access Denied","访问被拒绝"
"Access denied","拒绝访问"
"Access denied.","拒绝访问"
"Account Created in:","账号建立于："
"Account Created on (%s):","账号建立于 (%s):"
"Account Created on:","账号建立日期："
"Account Information","帐户信息"
"Account Status","账号状态"
"Account status","账号状态"
"Action","操作"
"Actions","操作"
"Actions XML","操作 XML"
"Active","开启"
"Add","新增"
"Add Exception","新增例外"
"Add Field Mapping","新增字段对应"
"Add Field with URL:","新增网址栏："
"Add New","新增"
"Add New Image","新增图片"
"Add New Profile","新增配置档案"
"Add New Role","新增角色"
"Add New Template","新增样板"
"Add New URL Rewrite","新增的替代网址"
"Add New User","新增使用者"
"Add New Variable","新增变数"
"Add Products","新增产品"
"Add URL Rewrite","增加替代网址"
"Add URL Rewrite for a Category","增加分类替代网址"
"Add URL Rewrite for a Product","增加产品替代网址"
"Add after","在此后新增"
"Additional Cache Management","增加额外的快取管理"
"Address Type:","地址类型："
"Admin","管理员"
"Advanced Admin Section","进阶管理员区"
"Advanced Profiles","进阶配置档案"
"Advanced Section","进阶区"
"After authorization application will have access to you account.","在授权后应用程序就可以存取您的账号"
"All","所有"
"All Allowed Countries","所有允许国家"
"All Cache","所有快取"
"All Files","所有档案"
"All Reviews","所有评论"
"All Store Views","所有商店接口"
"All Tags","所有标签"
"All Websites","所有网站"
"All countries","所有国家"
"All fields","所有字段"
"All possible rates were fetched, please click on ""Save"" to apply","所有可能的汇率都下载了，请点选 ""保存"" 来套用"
"All rates were fetched, please click on ""Save"" to apply","所有汇率都下载了，请点选 ""保存"" 来套用"
"All valid rates have been saved.","成功保存所有有效的汇率"
"Always (during development)","总是（在开发中）"
"Amounts","金额"
"An error has occured while syncronizing media storages.","同步多媒体档案时发生错误"
"An error occurred while clearing the JavaScript/CSS cache.","清除javascript/css快取时发生错误"
"An error occurred while clearing the image cache.","清除图片快取时发生错误"
"An error occurred while deleting URL Rewrite.","删除替代网址时发生错误"
"An error occurred while deleting email template data. Please review log and try again.","删除信件样板数据时发生错误,请查看记录档案并再次尝试"
"An error occurred while deleting record(s).","删除数据时发生错误"
"An error occurred while deleting this role.","删除角色时发生错误"
"An error occurred while deleting this set.","删除这个集合时发生错误"
"An error occurred while deleting this template.","删除这个样板时发生错误"
"An error occurred while finishing process. Please refresh the cache","结束程序时发生错误,请更新快取"
"An error occurred while rebuilding the CatalogInventory Stock Status.","重建目录库存状态时发生错误"
"An error occurred while rebuilding the catalog index.","重建目录索引时发生错误"
"An error occurred while rebuilding the flat catalog category.","重建flat catalog category时发生错误"
"An error occurred while rebuilding the flat product catalog.","重建flat product catalog时发生错误"
"An error occurred while rebuilding the search index.","重建搜寻索引时发生错误"
"An error occurred while refreshing the Catalog Rewrites.","重建目录改写时发生错误"
"An error occurred while refreshing the Layered Navigation indices.","重建阶层导览索引时发生错误"
"An error occurred while refreshing the catalog rewrites.","重建目录改写时发生错误"
"An error occurred while refreshing the layered navigation indices.","重建阶层导览时发生错误"
"An error occurred while saving URL Rewrite.","保存替代网址时发生错误"
"An error occurred while saving account.","保存账号时发生错误"
"An error occurred while saving review.","保存评论时发生错误"
"An error occurred while saving the customer.","保存客户时发生错误"
"An error occurred while saving this configuration:","保存这个设定时发生错误:"
"An error occurred while saving this role.","保存这个角色时发生错误"
"An error occurred while saving this template.","保存这个样板时发生错误"
"An error occurred while updating the selected review(s).","更新选择的评论时发生错误"
"Any","任意"
"Any Attribute Set","任意属性集"
"Any Group","任意群组"
"Any Status","任意状态"
"Any Store","任意商店"
"Any Type","任意类型"
"Any Visibility","任意可见性"
"Any data created since the backup was made will be lost including admin users, customers and orders.","任何在备份产生后建立的数据都会遗失，包括管理者、客户与订单。"
"Archive file name:","归档文件名："
"Are you sure that you want to delete this template?","您确认要删除这个样板吗？"
"Are you sure that you want to strip tags?","您确认要删除标签吗？"
"Are you sure you want to do this?","您确认要这么做吗？"
"Are you sure you want to proceed?","您确定要继续？"
"Area","区域"
"As low as:","最低:"
"Assigned","指定"
"Associated Tags","相关标签"
"Attribute Set Name:","属性集名称："
"Attributes","属性"
"Authorization confirmed","授权已确认"
"Authorize","授权"
"Authorize application","授权应用"
"Authorized OAuth Tokens","授权的 OAuth 令牌"
"Automatic (equalize price ranges)","自动（均衡价格范围）"
"Automatic (equalize product counts)","自动（均衡产品数量）"
"Average Order Amount","平均订单金额"
"Average Orders","平均订单金额"
"BINARY","二进制"
"Back","返回"
"Back to Login","返回登入"
"Backup","备份"
"Backup Name","备份名称"
"Backup options","备份选项"
"Backups","备份"
"Base currency","基础货币"
"Bcc","密件抄送"
"Bestsellers","畅销产品"
"Billing Address","账单地址"
"Billing Address: ","账单地址"
"Billing Agreement","付款协议"
"Billing Agreements","付款协议"
"Block Information","区块信息"
"Both (without and with tax)","同时 (无论是否含税)"
"Both IPN and PDT","IPN 和 PDT"
"Browse Files...","浏览档案.."
"Bundle with dynamic pricing cannot include custom defined options. Options will not be saved.","具有动态价格的包裹不能含有自定选项。选项不会被保存"
"CMS","CMS"
"CRITICAL","重要"
"CSV","CSV"
"CSV / Tab separated","CSV/Tab 分隔"
"Cache Control","快取管理"
"Cache Control (beta)","快取管理 (beta)"
"Cache Management","快取管理"
"Cache Type","快取类型"
"Cancel","取消"
"Cannot add new comment.","无法新增评论"
"Cannot add tracking number.","无法新增运单号"
"Cannot create an invoice without products.","不能建立这个产品的发票"
"Cannot create credit memo for the order.","无法为此订单建立折让单"
"Cannot delete the design change.","不能删除设计更改"
"Cannot delete tracking number.","不能删除追踪号"
"Cannot do shipment for the order separately from invoice.","无法单独根据发票为订单产生运输"
"Cannot do shipment for the order.","无法为此订单做运输"
"Cannot initialize shipment for adding tracking number.","无法为增加订单编号产生运输"
"Cannot initialize shipment for delete tracking number.","无法为删除订单编号产生运输"
"Cannot load track with retrieving identifier.","无法使用获得的标志符加载追踪记录"
"Cannot retrieve tracking number detail.","无法取得订单编号详细数据"
"Cannot save shipment.","无法保存运输"
"Cannot save the credit memo.","不能保存折让单"
"Cannot send shipment information.","无法发送运输数据"
"Cannot update item quantity.","不能更新产品数量"
"Cannot update the item\'s quantity.","不能更新产品总数量"
"Catalog","目录"
"Catalog Price Rules","目录价格规则"
"Catalog Rewrites","目录改写"
"Categories","分类"
"Category","分类"
"Category:","分类："
"Chart is disabled. If you want to enable chart, click <a href=""%s"">here</a>.","图表已经停用，要开启它请点选 <a href=""%s"">这里</a>"
"Checkbox","复选框"
"Child Transactions","相关交易"
"Choose Store View:","选择商店显示："
"Choose an attribute","选择属性"
"Chosen category does not associated with any website, so url rewrite is not possible.","选择的类别没有归属到任何网站，所以替代网址无法使用"
"Chosen product does not associated with any website, so url rewrite is not possible.","选择的产品没有归属到任何网站，所以替代网址无法使用"
"Clear","清除"
"Close","关闭"
"Comment text field cannot be empty.","评论内容不能空白白"
"Complete","完成"
"Config form fieldset clone model required to be able to clone fields","配置形式的fieldset克隆模式能够克隆领域"
"Configuration","设定"
"Confirm New Password","确认新密码"
"Confirm token authorization Pop Up for admin","已弹出窗口确认管理者认证状态"
"Confirm token authorization for admin","确认管理者认证状态"
"Confirmation Of Authorization","授权确认"
"Confirmed email:","已验证的信箱："
"Connect with the Magento Community","连接Magento社群"
"Continue","继续"
"Convert to Plain Text","转换为文字"
"Cookie (unsafe)","Cookie (不安全)"
"Country","国家"
"Country:","国家："
"Coupons","优惠券"
"Create","建立"
"Create DB Backup","建立数据库备份"
"Create New Attribute","建立新的属性"
"Create URL Rewrite:","建立替代网址"
"Created At","建立于"
"Credit Card %s","信用卡 %s"
"Credit Memo History","折让单记录"
"Credit Memo Totals","折让单总计"
"Credit Memos","折让单"
"Credit memo #%s comment added","折让单 #%s 增加注释"
"Credit memo #%s created","折让单 #%s 建立"
"Credit memo\'s total must be positive.","折让单总数必须是正数"
"Currency","货币"
"Currency ""%s"" is used as %s in %s.","货币 ""%s"" 备用作 %s ，在 %s"
"Currency Information","货币信息"
"Currency Setup Section","货币设定区"
"Current Configuration Scope:","目前设定范围："
"Current Month","本月"
"Custom","自定义"
"Custom Variable ""%s""","客户自定义变数 ""%s"""
"Custom Variables","自定义变数"
"Customer","客户"
"Customer Group:","客户群组："
"Customer Groups","客户群组"
"Customer Name","客户姓名"
"Customer Reviews","客户评论"
"Customer Shopping Carts","客户购物车"
"Customer Since:","注册日期："
"Customer Tax Classes","客户税类型"
"Customer with the same email already exists.","已有相同信箱的客户"
"Customers","客户"
"Customers by Number of Orders","订单数量排序"
"Customers by Orders Total","订单金额排序"
"DHTML Date/Time Selector","动态 HTML 日期/时间选择器"
"Dashboard","首页"
"Data Format","数据格式"
"Data transfer:","数据传送："
"Database","数据库"
"Dataflow - Advanced Profiles","数据流 - 进阶配置"
"Dataflow - Profiles","数据流 - 设置"
"Date","日期"
"Date & Time","日期和时间"
"Date Added","新增日期"
"Date Updated","更新日期"
"Date selection:","日期选择："
"Date selector","选择日期"
"Day","天"
"Decimal separator:","小数分隔符"
"Default (Admin) Values","预设(管理)值"
"Default Billing Address","默认账单地址"
"Default Config","预设设定"
"Default Template from Locale","界面的默认模版"
"Default Values","默认值"
"Default display currency ""%s"" is not available in allowed currencies.","默认显示货币 ""%s"" 不在允许货币列表中"
"Default scope","预设范围"
"Delete","删除"
"Delete %s","删除 %s"
"Delete %s '%s'","删除 %s '%s'"
"Delete File","删除档案"
"Delete Image","删除图片"
"Delete Profile","删除配置档案"
"Delete Role","删除角色"
"Delete Store","删除商店"
"Delete Store View","删除商店界面"
"Delete Template","删除样板"
"Delete User","删除使用者"
"Delete Website","删除网站"
"Description","说明"
"Design","设计"
"Design Section","设计区"
"Details","详情"
"Developer Section","开发区"
"Direction:","方向："
"Disable","停用"
"Disabled","停用"
"Display %s first","先显示 %s"
"Display default currency","显示默认货币"
"Distributed under GNU LGPL. See %s for details.","使用 GNU LGPL 发布，详情请访问 %s"
"Do you really want to KILL parallel process and start new indexing process?","您真的要终止平行程序并启动新的索引程序吗？"
"Do you really want to proceed?","确定要继续？"
"Download","下载"
"Downloads","下载区"
"Drag to move","窗口可拖曳"
"Drop-down","下拉"
"Edit","编辑"
"Edit Design Change","编辑设计更改"
"Edit Email Template","编辑信件样板"
"Edit Order","编辑订单"
"Edit Poll","编辑投票"
"Edit Queue","编辑排程"
"Edit Review","编辑评论"
"Edit Role","编辑角色"
"Edit Store View","编辑商店接口"
"Edit System Template","编辑系统样板"
"Edit Template","编辑样板"
"Edit URL Rewrite","编辑替代网址"
"Edit User","编辑使用者"
"Edit User '%s'","编辑使用者'%s'"
"Edit Website","编辑网址"
"Email","电子信箱"
"Email Address:","电子信箱："
"Email Preview","预览电子信箱"
"Email to a Friend","转寄给朋友"
"Email:","电子信箱："
"Enable","开启"
"Enabled","已开启"
"Enclose Values In:","包括值："
"Entity Attributes","实体属性集"
"Entity Type","实体类型"
"Entity type:","实体类型："
"Error","错误"
"Excel XML","Excel XML"
"Excl. Tax","未税"
"Exclude media folder from backup","在备份排除 media 文件夹"
"Export","汇出"
"Export CSV","汇出 CSV"
"Export Filters","汇出条件"
"Export to:","汇出到："
"Export:","汇出："
"FTP Host","FTP 主机"
"FTP Host[:Port]","FTP 主机[:端口]"
"FTP Login","FTP 账号"
"FTP Password","FTP 密码"
"FTP credentials","FTP 登入信息"
"Failed","错误"
"Failed to add a product to cart by id ""%s"".","按序号 ""%s"" 增加产品到购物车失败"
"Failed to cancel the billing agreement.","取消付款协议失败"
"Failed to clear the JavaScript/CSS cache.","清除JavaScript/CSS快取失败"
"Failed to delete the billing agreement.","删除付款协议失败"
"Failed to update the profile.","更新配置文件案失败"
"Field","字段"
"Field Mapping","字段对应"
"File","档案"
"File Information","档案信息"
"File System","文件系统"
"File mode","档案模式"
"File name:","文件名："
"File size should be more than 0 bytes","档案要大于0字节"
"Finished profile execution.","完成运行配置档案"
"First Invoice Created Date","第一次发票建立时间"
"First Name","姓名"
"First Name is required field.","姓名不能空白"
"First Name:","姓名："
"Fixed","固定"
"Flush Catalog Images Cache","更新目录图片快取"
"Flush JavaScript/CSS Cache","更新JavaScript/CSS快取"
"For category","用于分类"
"For latest version visit: %s","最新版本请浏览: %s"
"For product","用于产品"
"Forgot Admin Password","忘记管理者密码"
"Forgot your password?","忘记您的密码了？"
"Forgot your user name or password?","忘记您的账号或密码了？"
"From","开始"
"GLOBAL","全局"
"Gb","Gb"
"General Information","一般信息"
"General Section","基本区"
"Get Image Base64","取得图片 Base64"
"Get help for this page","查看本页的说明"
"Give the verifier code to application administrator","提供确认码给应用管理员"
"Global Attribute","全局属性"
"Global Record Search","全站搜寻"
"Global Search","全站搜寻"
"Go Today","今天"
"Go to messages inbox","前往收件匣"
"Go to notifications","前往网站提醒"
"Google Base","Google Base"
"Google Sitemaps","Google 网站地图"
"Grand Total","金额"
"Grid (default) / List","表格(默认)/列表"
"Grid Only","仅表格"
"Group:","群组："
"Guest","访客"
"HTTP (unsecure)","HTTP (不安全)"
"HTTPS (SSL)","HTTPS（SSL）"
"Help Us Keep Magento Healthy - Report All Bugs","协助我们改善Magento - 回报所有错误"
"Helper attributes should not be used in custom layout updates.","辅助属性不应该用在自定义版面更新"
"Helper for options rendering doesn't implement required interface.","选项产生辅助没有实做必要的接口"
"Home","首页"
"ID","编号"
"ID Path","编号路径"
"IP Address","IP 地址"
"IPN (Instant Payment Notification) Only","只有IPN(及时付款通知)"
"If there is an account associated with %s you will receive an email with a link to reset your password.","如果有一个账号使用 %s ，您会收到一封信件，里面包含能够重设密码的链接。"
"If this message persists, please contact the store owner.","如果此问题持续存在，请联络网站管理员"
"If you do not specify an option value for a specific store view then the default (Admin) value will be used.","如果没有指定商店样板，就会使用预设 (Admin) 样板"
"Images (.gif, .jpg, .png)","图片 (.gif, .jpg, .png)"
"Images Cache","图片快取"
"Import","汇入"
"Import Service","汇入服务"
"Import and Export","汇入和汇出"
"Import and Export Tax Rates","汇入和汇出税率"
"Import/Export","汇入/汇出"
"Import/Export Advanced","进阶汇入/汇出"
"Import/Export Profile","汇入/导出配置档案"
"Important: ","重要事项:"
"Imported <strong>%s</strong> records","汇入<strong>%s</strong>个记录"
"In","货币"
"In Database:","在数据库："
"In File:","在档案："
"Inactive","停用"
"Incl. Tax","含税"
"Incoming Message","收到的讯息"
"Insert Variable...","插入变数.."
"Interactive","交互式"
"Interface Locale: %s","接口语言：%s"
"Invalid Form Key. Please refresh the page.","错误的窗体密钥. 请更新这个页面"
"Invalid Import Service Specified","指定的汇入服务有误"
"Invalid POST data (please check post_max_size and upload_max_filesize settings in your php.ini file).","POST 资料有误（请检查 php.ini 中 post_max_size 和 upload_max_filesize 设定）"
"Invalid Secret Key. Please refresh the page.","错误密钥，请更新本页"
"Invalid User Name or Password.","账号或密码有误"
"Invalid directory: %s","目录有误：%s"
"Invalid email address ""%s"".","错误电子信箱 ""%s"""
"Invalid email address.","信箱有误"
"Invalid file: %s","档案有误：%s"
"Invalid input data for %s => %s rate","输入的 %s => %s 比率数据有误"
"Invalid parent block for this block","此块的父块错误"
"Invalid parent block for this block.","此块的父块错误"
"Invalid password reset token.","错误的密码重设令牌"
"Invalid sender name ""%s"". Please use only visible characters and spaces.","失败的发送者名 ""%s"". 请使用可见符号和空格"
"Invalid timezone","错误的时区"
"Invalidated","错误的"
"Inventory Stock Status","库存状态"
"Invoice #%s comment added","发票%s新增了新备注"
"Invoice #%s created","产生发票%s"
"Invoice History","发票记录"
"Invoice Totals","发票总计"
"Invoice canceling error.","发票复核错误"
"Invoice capturing error.","发票锁定错误"
"Invoice voiding error.","发票错误错误"
"Invoices","发票"
"Is Closed","已经关闭"
"Is Default","作为预设"
"Issue Number","发行号码"
"Items","件数"
"JavaScript seems to be disabled in your browser.","您的浏览器似乎关闭了 JavaScript"
"JavaScript/CSS","JavaScript/CSS"
"JavaScript/CSS Cache","JavaScript/CSS快取"
"Kb","Kb"
"Last 24 Hours","最近24小时"
"Last 5 Orders","最近5个订单"
"Last 5 Search Terms","最近5个搜寻关键词"
"Last 7 Days","最近7天"
"Last Credit Memo Created Date","最新的折让单建立时间"
"Last Invoice Created Date","最新的发票建立时间"
"Last Logged In (%s):","上次登入时间 (%s):"
"Last Logged In:","最近登入："
"Last Name","姓氏"
"Last Name is required field.","姓氏不能空白"
"Last Name:","姓氏："
"Last updated: %s. To refresh last day\'s <a href=""%s"">statistics</a>, click <a href=""%s"">here</a>.","最后更新时间： %s ，要重新整理最近一天的 <a href=""%s"">统计</a> 点选 <a href=""%s"">这里</a>"
"Latest Message:","最新讯息："
"Layered Navigation Indices","分层导览索引"
"Layered Navigation Indices were refreshed.","阶层导览索引已经被更新"
"Leave empty to use tax identifier","空白则使用税率识别符号"
"Lifetime Sales","累计订单金额"
"Lifetime statistics have been updated.","累计统计已经更新"
"Links","连结"
"Links with associated products will retain only after saving current product.","相关产品的链接在保存目前产品之后才会保留"
"List (default) / Grid","列表(默认)/表格"
"List Only","仅清单"
"Load Template","载入样板"
"Load default template","载入预设样板"
"Loading...","载入中.."
"Local Server","本地服务器"
"Local/Remote Server","本地/远程服务器"
"Locale","语言"
"Log In","登入"
"Log Out","退出"
"Log in to Admin Panel","登入管理面板"
"Log in to use <strong>%s</strong>","登入账号： <strong>%s</strong>"
"Log into Magento Admin Page","登入 Magento 管理页面"
"Logged in as %s","登入使用者 %s"
"Login","登入"
"Low Stock","最低库存"
"MAJOR","重要"
"MINOR","次要"
"MS Excel XML","微软 Excel XML"
"Magento Admin","Magento 管理"
"Magento Commerce - Administrative Panel","Magento Commerce - 管理面板"
"Magento Connect","Magento 连接"
"Magento Connect Manager","Magento 连接管理器"
"Magento Logo","Magento 标志"
"Magento is a trademark of Magento Inc. Copyright &copy; %s Magento Inc.","Magento 是 Irubin Consulting Inc. DBA Varien 的注册商标。版权所有 &copy; %s Irubin Consulting Inc"
"Magento root directory","Magento 根目录"
"Magento ver. %s","Magento 版本 %s"
"Magento&trade; is a trademark of Magento Inc.<br/>Copyright &copy; %s Magento Inc.","Magento&trade; 是 Irubin Consulting Inc. DBA Varien 的注册商标。<br/>版权所有 &copy; %s Irubin Consulting Inc"
"Make sure that data encoding in the file is consistent and saved in one of supported encodings (UTF-8 or ANSI).","确认数据编码在这档案里是一致的并且保存为支持的编码 (UTF-8 or ANSI)"
"Manage Attribute Sets","管理属性集合"
"Manage Attributes","管理属性集合"
"Manage Categories","管理分类"
"Manage Content","管理内容"
"Manage Currency Rates","管理货币汇率"
"Manage Customers","管理客户"
"Manage Options (values of your attribute)","管理选项 (属性的数值)"
"Manage Ratings","管理评论"
"Manage Stores","管理商店"
"Manage Tax Rules","管理税务规则"
"Manage Tax Zones and Rates","管理税区和费率"
"Manage Titles (Size, Color, etc.)","管理标题 (尺寸、颜色等)"
"Manual","手册"
"Matched Expression","符合的描述"
"Maximum sender name length is 255. Please correct your settings.","寄件人名称上限为 255 字，请修正您的设定"
"Mb","Mb"
"Media (.avi, .flv, .swf)","多媒体 (.avi, .flv, .swf)"
"Media storages synchronization has completed!","Media保存同步成功!"
"Messages Inbox","讯息收件匣"
"Month","月份"
"Most Viewed","最受欢迎"
"Most Viewed Products","最多点阅产品"
"Multiple Select","多选"
"My Account","我的账号"
"My Applications","我的应用"
"N/A","无"
"NOTICE","提醒"
"Name","名称"
"Name:","姓名:"
"Never (production)","从不（正式环境）"
"New ","新增"
"New API Key","新增 Api 密钥"
"New Accounts","新增账号"
"New Attribute","新增属性"
"New Block","新增区块"
"New Category","新增分类"
"New Class","新增类别"
"New Condition","新增条件"
"New Custom Variable","新增自定义变数"
"New Customer","新增客户"
"New Customers","新增客户"
"New Design Change","新增设计更改"
"New Email Template","新增信件样板"
"New Group","新增群组"
"New Invoice","新增发票"
"New Item Type","新增项目类型"
"New Memo","新增备忘录"
"New Memo for #%s","新增备忘录到 #%s"
"New Page","新增页面"
"New Password","新的密码"
"New Poll","新增投票"
"New Profile","新增配置档案"
"New Rate","新增利率"
"New Rating","新增评分"
"New Review","新增评论"
"New Role","新增角色"
"New Rule","新增规则"
"New Search","新增搜寻"
"New Set","新增集合"
"New Shipment","新增配送"
"New Sitemap","新增网站地图"
"New Store View","新增商店界面"
"New System Template","新增系统样板"
"New Tag","新增标签"
"New Template","新增样板"
"New User","新增使用者"
"New Variable","新增变数"
"New Website","新增网站"
"New password field cannot be empty.","新密码字段不能空白"
"Newsletter","电子报"
"Newsletter Problems","电子报问题"
"Newsletter Queue","电子报排程"
"Newsletter Subscribers","电子报订阅者"
"Newsletter Templates","电子报样板"
"Next month (hold for menu)","下一月 （按住弹出选单）"
"Next year (hold for menu)","下一年 （按住弹出选单）"
"No","否"
"No (price without tax)","否(价格未税)"
"No Data Found","没有资料"
"No Templates Found","没有找到样板"
"No change","不做更改"
"No customer id defined.","没有客户编号被定义"
"No information available.","无可用信息"
"No profile loaded...","没有加载配置档案.."
"No records found for this period.","该时间段内没有找到记录"
"No records found.","没有资料"
"No report code specified.","没有指定报告代码"
"No search keywords.","没有搜寻关键词"
"No search modules were registered","无搜寻模块被注册"
"No wishlist item id defined.","无待购列表夹项目ID被定义"
"None","无"
"Note:","说明："
"Notes","备注"
"Notifications","通知"
"Number of Orders","订单数量"
"Number of Uses","使用次数"
"Number of Views","点阅次数"
"Number of records:","资料数："
"OAuth Consumers","OAuth的消费者"
"OAuth authorization for admin","admin的OAuth授权"
"OAuth authorization simple for admin","简单的管理OAuth授权"
"OK","确定"
"Old rate:","原有税率："
"Once you log into your PayPal Advanced account, navigate to the Service Settings - Hosted Checkout Pages - Set Up menu and set the options described below","一旦您登录到您的PayPal高级账户，导航服务设置 - 托管结账页面 - 设置选单，并设置以下选项"
"Once you log into your PayPal Payflow Link account, navigate to the Service Settings - Hosted Checkout Pages - Set Up menu and set the options described below","一旦您登录到您的PayPal Payflow连结账户，导航服务设置 - 托管结账页面 - 设置选单，并设置以下选项"
"One or more media files failed to be synchronized during the media storages syncronization process. Refer to the log file for details.","一个或者多个档案没有同步. 请参考详细的记录档案"
"One or more of the Cache Types are invalidated:","一或多个快取类型发现问题："
"Online Customers","在线客户"
"Only Once (version upgrade)","只有一次（版本升级）"
"Only attributes with scope ""Global"", input type ""Dropdown"" and Use To Create Configurable Product ""Yes"" are available.","仅""全站""属性、输入类型""下拉选单""和用于建立可配置产品""是"" 可用"
"Only mapped fields","仅对应的字段"
"Optional","选填"
"Options","选项"
"Options is required","选项必填"
"Order","订单"
"Order #%s","订单编号 %s"
"Order #%s (%s)","订单编号 %s (%s)"
"Order Created Date","订单建立日期"
"Order ID","订单编号"
"Order Totals","订单总额"
"Order Updated Date","订单更新日期"
"Order Updated Date report is real-time, does not need statistics refreshing.","订单更新日期报表是实时的, 不需要更新状态"
"Orders","订单"
"Original Magento attribute names in first row:","第一行使用 Magento 原有属性名称："
"Out of stock","已售完"
"PDT (Payment Data Transfer) Only","只能付款网关数据传输"
"Package Extensions","外挂软件包"
"Pages","页面"
"Parent Product Thumbnail","上层产品缩图"
"Parent Transaction ID","父交易ID"
"Passive mode","被动模式"
"Password","密码"
"Password Confirmation","密码确认"
"Password confirmation must be same as password.","两次密码必须相同"
"Password must be at least of %d characters.","密码至少 %d 个字符"
"Password must include both numeric and alphabetic characters.","密码必须通知包括数字和英文字母"
"Password:","密码："
"Path:","路径："
"Payment method instance is not available.","付款方式实例无法使用"
"Payment method is not available.","付款方式无法使用"
"Payment method must be specified.","必须指定付款方式"
"Pending Reviews","等待的评论"
"Pending Tags","等待中的标签"
"Per Item","每产品"
"Per Order","每订单"
"Percent","百分比"
"Performed At","运行时间"
"Period","区间"
"Permanent (301)","永久 (301)"
"Permissions","权限"
"Personal Information","个人信息"
"Phone:","电话："
"Please Select","请选择"
"Please confirm site switching. All data that hasn\'t been saved will be lost.","请确认切换网站，所有未保存的数据将丢失"
"Please enter 6 or more characters.","请输入6个或更多字符"
"Please enter a number greater than 0 in this field.","请在这个字段输入大于0的数字"
"Please enter a valid $ amount. For example $100.00.","请输入正确的金额，例如 $100.00"
"Please enter a valid URL. For example http://www.example.com or www.example.com","请输入正确的网址，例如http://www.example.com 或www.example.com"
"Please enter a valid URL. http:// is required","请输入正确的网址。必须带http://"
"Please enter a valid credit card number.","请输入正确的信用卡号码"
"Please enter a valid date.","请输入正确的日期"
"Please enter a valid email address. For example johndoe@domain.com.","请输入正确的电子信箱。例如 johndoe@domain.com"
"Please enter a valid email.","请输入一个有效的电子信箱"
"Please enter a valid number in this field.","请在这个字段输入正确的数字"
"Please enter a valid phone number. For example (123) 456-7890 or 123-456-7890.","请输入正确的电话号码。例如 (123) 456-7890 或 123-456-7890"
"Please enter a valid social security number. For example 123-45-6789.","请输入正确的社会保险号。例如 123-45-6789"
"Please enter a valid value from list","请从列表中输入一个有效值"
"Please enter a valid value, ex: 10,20,30","请输入一个有效值, 例如：10, 20, 30"
"Please enter a valid zip code.","请输入正确的邮政编码"
"Please enter a valid zip code. For example 90602 or 90602-1234.","请输入正确的邮政编码。例如 90602 或 90602-1234"
"Please enter another credit card number to complete your purchase.","请输入另外一个信用卡号码来完成您的采购"
"Please enter password","请输入密码"
"Please enter password to confirm rollback.","请输入密码来确认还原"
"Please enter valid password.","请输入正确的密码"
"Please make sure that all global admin search modules are installed and activated.","请确认所有的整站管理员搜寻模块已安装并开启"
"Please make sure that your changes were saved before running the profile.","运行配置档案前，请确认已保存编辑"
"Please make sure your passwords match.","请确认密码一致"
"Please select State/Province.","请选择县市"
"Please select a customer.","请选择客户"
"Please select a store.","请选择商店"
"Please select an option.","请选择选项"
"Please select catalog searches.","请选择目录搜寻"
"Please select customer(s).","请选择一个或多个客户"
"Please select message(s).","请选择一条或多条讯息"
"Please select one of the above options.","请在上面选择"
"Please select one of the options.","请选择"
"Please select review(s).","请选择一条或多条评论"
"Please select tag(s).","请选择一个或多个标签"
"Please specify backup creation options","请指定备份建立选项"
"Please specify the admin custom URL.","请输入管理后台自定URL"
"Please try to logout and sign in again.","请尝试注销然后再登入"
"Please type the letters from the image:","请输入图片中的文字："
"Please use in this field only ""a-z,0-9,_"".","这个字段只能输入""a-z,0-9,_"""
"Please use letters only (a-z) in this field.","这个字段只能输入字母(a-z)"
"Please use numbers only in this field. Please avoid spaces or other characters such as dots or commas.","这个字段只能输入数字，不能输入空格或点、逗号等符号"
"Please use only letters (a-z or A-Z), numbers (0-9) or spaces in this field.","这个字段只接受字母 (a-z 或 A-Z)、数字 (0-9) 或空白"
"Please use only letters (a-z) or numbers (0-9) only in this field. No spaces or other characters are allowed.","这个字段只能输入字母(az)或数字(0-9)，不能输入空格或其他字符"
"Please use only letters (a-z) or numbers (0-9) or spaces and # only in this field.","这个字段只能输入字母(az)、数字(0-9)、空格、或#"
"Please use this date format: dd/mm/yyyy. For example 17/03/2006 for the 17th of March, 2006.","请用该日期格式：dd/mm/yyyy 例如17/03/2006 表示2006年3月17日"
"Please wait while the indexes are being refreshed.","请稍等，正在更新索引"
"Please wait, loading...","请等待，载入中.."
"Please wait...","请等待.."
"Please, add some answers to this poll first.","请先新增一些答案到这个投票"
"Please, select ""Visible in Stores"" for this poll first.","这个投票请先选择 “在商店显示”"
"Poll Manager","投票管理"
"Polls","投票区"
"Popular","热门"
"Position","位置"
"Position of Watermark for %s","%s的水印位置"
"Pregenerated product images files.","预览产品图片档案"
"Prev. month (hold for menu)","上一月 （按住弹出选单）"
"Prev. year (hold for menu)","上一年 （按住弹出选单）"
"Preview","预览"
"Preview Template","预览样板"
"Price","价格"
"Price alert subscription was saved.","保存价格提醒订阅"
"Price:","价格："
"Processed <strong>%s%% %s/%d</strong> records","处理<strong>%s%% %s/%d</strong>个记录"
"Product","产品"
"Product Name","产品名称"
"Product Reviews","产品评论"
"Product Tax Classes","产品税别"
"Product Thumbnail Itself","产品缩图"
"Product is not loaded.","产品没有加载"
"Product:","产品："
"Products","产品"
"Products Bestsellers Report","产品热卖报表"
"Products Most Viewed Report","产品点阅报表"
"Products Ordered","订购产品"
"Products in Carts","产品在购物车"
"Profile Action","配置档案操作"
"Profile Actions XML","配置档案操作 XML"
"Profile Direction","配置档案方向"
"Profile History","配置档案记录"
"Profile Information","配置档案信息"
"Profile Name","配置文件名称"
"Profile Payments","配置文件案付款"
"Profile Schedule","配置文件案计划表"
"Profile Wizard","配置档案向导"
"Profiles","配置档案"
"Promo","促销"
"Promotions","促销"
"Purchased Item","已购买的产品"
"Put store on the maintenance mode while backup creation","在建立备份时将商店设定为维护模式"
"Put store on the maintenance mode while rollback processing","在还原备份时将商店设定为维护模式"
"Quantity","数量"
"Queue Refresh","排程更新"
"Queued... Cancel","已排队... 取消"
"REST Roles","REST 角色"
"Radio Buttons","单选按钮"
"Rates","汇率"
"Read details","阅读详情"
"Rebuild","重建"
"Rebuild Catalog Index","重建目录索引"
"Rebuild Flat Catalog Category","重建平面目录类别"
"Rebuild Flat Catalog Product","重建平面目录产品"
"Recent Orders","最近订单"
"Recent statistics have been updated.","最新的统计资料已经更新"
"Recurring Profile View","周期性产品检视"
"Recursive Dir","递归目录"
"Redirect","转向"
"Reference","参考"
"Reference ID","参考ID"
"Refresh","更新"
"Refresh Now*","现在更新*"
"Refresh Statistics","更新统计"
"Region/State","县市/地区"
"Regular Price:","正常价格:"
"Reject","拒绝"
"Reject token authorization Pop Up for admin","拒绝Token授权弹出的管理"
"Reject token authorization for admin","拒绝Token许可证管理"
"Rejection Of Authorization","授权的抑制"
"Release","版本"
"Release Stability","版本稳定性"
"Release Version","版本"
"Reload captcha","重载 captcha"
"Remote FTP","远程FTP"
"Remove","删除"
"Reports","报表"
"Request Path","请求路径"
"Required","必须"
"Reset","重置"
"Reset Filter","重置条件"
"Reset Password","重设密码"
"Reset a Password","重设一个密码"
"Resize","重设大小"
"Resource Access","资源存取"
"Resources","资源"
"Results","结果"
"Retrieve Password","取回密码"
"Return Html Version","返回Html版本"
"Revenue","利润"
"Reviews","评论"
"Reviews and Ratings","评论和评分"
"Rewrite Rules","改写规则"
"Role ID","角色编号"
"Role Info","角色信息"
"Role Information","角色信息"
"Role Name","角色名称"
"Role Resources","角色资源"
"Role Users","角色使用者"
"Roles","角色"
"Roles Resources","角色资源"
"Rotate CCW","替换 CCW"
"Rotate CW","替换 CW"
"Run","运行"
"Run Profile","运行配置档案"
"Run Profile Inside This Window","在本窗口中运行配置档案"
"Run Profile in Popup","在弹出窗口运行"
"Running... Kill","运行中... 终止"
"SKU","产品统一编号"
"SKU:","产品统一编号："
"SSL Error: Invalid or self-signed certificate","SSL 错误：证书错误或自签名"
"Sales","销售额"
"Sales Report","销售报表"
"Samples","样本"
"Save","保存"
"Save & Generate","保存并产生"
"Save Account","保存账号"
"Save Cache Settings","保存快取设定"
"Save Config","保存设定"
"Save Currency Rates","保存货币汇率"
"Save Profile","保存配置档案"
"Save Role","保存角色"
"Save Template","保存样板"
"Save User","保存使用者"
"Save and Continue Edit","保存并继续编辑"
"Search","搜寻"
"Search Index","搜寻索引"
"Search Term","搜寻关键词"
"Search Terms","搜寻关键词"
"Select","选择"
"Select All","全选"
"Select Category","选择分类"
"Select Date","选择日期"
"Select Range","选择区间"
"Select date","选择日期"
"Selected allowed currency ""%s"" is not available in installed currencies.","选中的允许货币 ""%s"" 不在已安装货币列表中"
"Selected base currency is not available in installed currencies.","选中的基础货币不在已安装货币列表中"
"Selected default display currency is not available in allowed currencies.","选中的默认显示货币不在允许货币列表中"
"Selected default display currency is not available in installed currencies.","选中的默认显示货币不在已安装货币列表中"
"Self-assigned roles cannot be deleted.","自分配的角色不能被删除"
"Sender","寄件人"
"Separate Email","单个电子信箱"
"Shipment #%s comment added","配送单%s新增了备注"
"Shipment #%s created","配送单%s已建立"
"Shipment Comments","配送备注"
"Shipment History","配送记录"
"Shipments","配送"
"Shipping","运费"
"Shipping Address","配送地址"
"Shipping Address: ","配送地址:"
"Shipping Origin","配送地点"
"Shipping Price","配送价格"
"Shipping address selection is not applicable","运输地址不能被应用"
"Shipping method must be specified.","请指定配送方式"
"Shipping method selection is not applicable","配送方式不能被应用"
"Shopping Cart","购物车"
"Shopping Cart Price Rules","购物车价格规则"
"Shopping Cart from %s","%s的购物车"
"Show By","显示"
"Show Report For:","显示报表："
"Show Reviews","查看评论"
"Sitemap Information","网站地图信息"
"Size for %s","%s的大小"
"Skip Category Selection","跳过分类选择"
"Some items in this order have different invoice and shipment types. You can create shipment only after the invoice is created.","此订单里的某些产品有不同的发票和运输类型。运输只可以在建立发票之后建立"
"Some of the ordered items do not exist in the catalog anymore and will be removed if you try to edit the order.","订单中的某些产品已经不存在,如果继续编辑订单,这些产品将会被删除"
"Sorry, this feature is coming soon...","对不起，该功能尚未实现.."
"Special Price:","特价:"
"Specific Countries","选择国家"
"Specified","指定的"
"Specified profile does not exist.","指定的属性不存在"
"Spreadsheet Name:","电子表格名："
"Start Date","开始日期"
"Starting profile execution, please wait...","开始执行配置档案，请稍候.."
"State/Province:","县市："
"Static Blocks","静态区块"
"Status","状态"
"Status:","状态："
"Stock Quantity:","库存数量："
"Stock notification was saved.","保存库存通知"
"Store","商店"
"Store Email Addresses Section","商店信箱"
"Store View","商店界面"
"Store:","商店："
"Stores","商店"
"Subject","主题"
"Submit","送出"
"Subpackage cannot be conflicting.","分包不一致"
"Subtotal","小计"
"Switch/Solo/Maestro Only","只限 Switch/Solo/Maestro"
"Symbol","符号"
"Synchronization is required.","必须同步"
"Synchronization of media storages has been successfully completed.","同步媒体保存已经完成"
"Synchronize","同步"
"Synchronizing %s to %s","同步 %s 到 %s"
"Synchronizing...","同步中.."
"System","系统"
"System Section","系统区"
"System busy","系统繁忙"
"Tags","标签"
"Target Path","目标路径"
"Tax","税金"
"Tb","Tb"
"Template","样板"
"Template Content","样板内容"
"Template Information","样板信息"
"Template Name","样板名称"
"Template Styles","样板风格"
"Template Subject","样板主题"
"Template Type","样板类型"
"Temporary (302)","暂时 (302)"
"Terms and Conditions","条款和条件"
"Text","纯文本"
"The Catalog Rewrites were refreshed.","目录改写已经被更新"
"The CatalogInventory Stock Status has been rebuilt.","库存状态已被重建"
"The Comment Text field cannot be empty.","评论不能空白"
"The Flat Catalog Product was rebuilt","Flat Catalog Product已被重建"
"The JavaScript/CSS cache has been cleaned.","JavaScript/CSS快取已被清除"
"The JavaScript/CSS cache has been cleared.","JavaScript/CSS快取已被清除"
"The Layered Navigation indexing has been queued.","阶层导览索引已经排队"
"The Layered Navigation indexing queue has been canceled.","阶层导览索引排队已被取消"
"The Layered Navigation indices were refreshed.","阶层导览索引已恢复"
"The Layered Navigation process has been queued to be killed.","阶层导览程序已排队,杀死该程序"
"The Magento cache storage has been flushed.","Magento缓存文件已被启动"
"The URL Rewrite has been deleted.","连结改写已被删除"
"The URL Rewrite has been saved.","连结改写已被保存"
"The account has been saved.","该账号已经保存"
"The archive can be uncompressed with <a href=""%s"">%s</a> on Windows systems","该档案在Windows 系统下可以使用<a href=""%s"">%s</a> 解压"
"The attribute set has been removed.","属性集合已经被移除"
"The backup's creation process will take time.","备份建立程序需要一点时间"
"The billing agreement has been canceled.","已取消付款协议"
"The billing agreement has been deleted.","付款协议已经删除"
"The cache storage has been flushed.","缓存文件已经更新"
"The carrier needs to be specified.","需要指定物流"
"The catalog index has been rebuilt.","目录索引已经重建"
"The catalog rewrites have been refreshed.","目录改写已经更新"
"The configuration has been saved.","设定已经被保存"
"The credit memo has been canceled.","已经取消折让单"
"The credit memo has been created.","已经保存折让单"
"The credit memo has been voided.","折让单已经被作废"
"The custom variable has been deleted.","已经删除自定义变量"
"The custom variable has been saved.","已经保存自定义变量"
"The customer has been deleted.","已经删除客户"
"The customer has been saved.","已经保存客户"
"The design change has been deleted.","已经删除设计更改"
"The design change has been saved.","已经保存设计更改"
"The email address is empty.","该信件地址空白"
"The email template has been deleted.","该信件样板已经删除"
"The email template has been saved.","该信件样板已经保存"
"The flat catalog category has been rebuilt.","该flat catalog category已经重建"
"The group node name must be specified with field node name.","该群节点名字必须指定字段节点名"
"The image cache was cleaned.","图片快取已经清除"
"The image cache was cleared.","图片快取已经清除"
"The invoice and shipment have been created.","发票和配送已经建立"
"The invoice and the shipment  have been created. The shipping label cannot be created at the moment.","发票与出货单已经建立，现在还无法建立配送地址条"
"The invoice has been canceled.","该发票已经取消"
"The invoice has been captured.","该发票已经被取得"
"The invoice has been created.","发票已经建立"
"The invoice has been voided.","发票已经作废"
"The invoice no longer exists.","发票已经不存在"
"The item %s (SKU %s) does not exist in the catalog anymore.","这个项目 %s (产品统一编号 %s) 已经不在这个分类"
"The order does not allow creating an invoice.","该订单不允许建立发票"
"The order no longer exists.","订单已不存在"
"The poll has been deleted.","投票已被删除"
"The poll has been saved.","投票已被保存"
"The profile has been deleted.","设定已被删除"
"The profile has been saved.","设定已被保存"
"The profile has been updated.","设定已更新"
"The profile has no changes.","设定没有更改"
"The profile you are trying to save no longer exists","您要保存的设定已经不存在"
"The rating has been deleted.","评分已经删除"
"The rating has been saved.","评分已经保存"
"The role has been deleted.","角色已经删除"
"The role has been saved.","角色已经保存"
"The role has been successfully saved.","角色保存成功"
"The search index has been rebuilt.","搜寻索引已被重建"
"The shipment has been created.","已建立配送"
"The shipment has been sent.","配送已经发送"
"The shipping label has been created.","配送标签已经建立"
"The tag has been deleted.","标签已删除"
"The tag has been saved.","标签已保存"
"The transaction details have been updated.","交易细节已经更新"
"The user has been deleted.","会员已删除"
"The user has been saved.","会员已保存"
"Themes JavaScript and CSS files combined to one file.","主题的JavaScript和 CSS档案将合并成一个档案"
"There is an error in one of the option rows.","选择的这一行有错误"
"This Account is","账号为"
"This Email template no longer exists.","这个信件样板不再存在"
"This Role no longer exists","这个角色不再存在"
"This Role no longer exists.","这个角色不再存在"
"This account is","账号为"
"This account is inactive.","此账号已停用"
"This action cannot be undone.","这个操作无法还原"
"This attribute set does not have attributes which we can use for configurable product","该属性集没有可用于设定产品的属性"
"This attribute shares the same value in all the stores","该属性在所有商店中分享相同的值"
"This is a demo store. Any orders placed through this store will not be honored or fulfilled.","这是测试用网站，所有透过这儿建立的订单并不会被视为正式订购"
"This is a required field.","这是必填字段"
"This product is currently disabled.","这个产品目前处于停用状态"
"This report depends on timezone configuration. Once timezone is changed, the lifetime statistics need to be refreshed.","这个报表依赖于时区设定. 一旦时区被更改,所有的统计就需要更新"
"This section is not allowed.","没有权限使用这个区域"
"This user no longer exists.","该会员不存在"
"Time","时间"
"Time selection:","时间选择："
"Time:","时间："
"Timeout limit for response from synchronize process was reached.","超过时限限制从同步程序已达到相应"
"To","结束"
"To cancel pending authorizations and release amounts that have already been processed during this payment, click Cancel.","取消 「等待「 状态授权和释放该付款已经处理的金额,点选取消"
"To use PayPal Payflow Link, you must configure your PayPal Payflow Link account on the PayPal website.","使用PayPal Payflow链接，您必须配置您的PayPal贝宝网站上Payflow连结账户。"
"To use PayPal Payments Advanced, you must configure  your PayPal Payments Advanced account on the PayPal website.","使用先进的PayPal付款，您必须配置您的PayPal付款高级PayPal网站上的账户。"
"Toggle Editor","切换编辑器"
"Tools","工具"
"Top 5 Search Terms","最热门5个搜寻关键词"
"Total","共"
"Total Invoiced","发票总额"
"Total Order Amount","订单总额"
"Total Refunded","所有退款"
"Total of %d record(s) have been deleted.","成功删除 %d 笔记录"
"Total of %d record(s) have been updated.","成功更新 %d 笔记录"
"Total of %d record(s) were canceled.","共有%d个记录被取消"
"Total of %d record(s) were deleted","共删除 %d 笔记录"
"Total of %d record(s) were deleted.","共删除 %d 笔记录"
"Total of %d record(s) were updated","共更新 %d 笔记录"
"Total of %d record(s) were updated.","共更新 %d 笔记录"
"Track Order","追踪订单"
"Track this shipment","查询这个配送"
"Tracking number %s for %s assigned","追踪单号%s已产生，属于%s"
"Tracking number cannot be empty.","追踪单号不能空白"
"Transaction Data","事务数据"
"Transaction Details","交易细节"
"Transaction ID","交易ID"
"Transaction Type","交易类型"
"Transactional Emails","交易信箱"
"Transactions","交易"
"Try Magento Go for Free","免费试用 Magento Go"
"Type","类型"
"Type:","类型："
"URL Rewrite","替代网址"
"URL Rewrite Information","替代网址信息"
"URL Rewrite Management","替代网址管理"
"Unable to cancel the credit memo.","不能取消折让单"
"Unable to find a Email Template to delete.","找不到要删除的信件样板"
"Unable to find a poll to delete.","找不到要删除的投票"
"Unable to find a tag to delete.","找不到要删除的标签"
"Unable to find a user to delete.","找不到要删除的会员"
"Unable to initialize import model","无法初始化汇入模块"
"Unable to refresh lifetime statistics.","无法更新全时统计"
"Unable to refresh recent statistics.","无法更新近期统计"
"Unable to save the cron expression.","无法保存系统排程指令"
"Unable to save the invoice.","无法保存发票"
"Unable to send the invoice email.","无法透过电子邮件发送发票"
"Unable to send the shipment email.","无法透过电子邮件发送出货单"
"Unable to update transaction details.","无法更新交易细节"
"Unable to void the credit memo.","无法作废这个折让单"
"Unknown","未知"
"Unlimited","无限"
"Update","更新"
"Updated At","更新日期"
"Upload File","上传档案"
"Upload Files","上传档案"
"Upload HTTP Error","上传 HTTP 错误"
"Upload I/O Error","上传 I/O 错误"
"Upload Security Error","上传安全错误"
"Upload import file","上传汇入档案"
"Uploaded file is larger than %.2f kilobytes allowed by server","上传的文件是比服务器允许的 %.2f 千字节"
"Use All Available Attributes","使用所有可用属性"
"Use Config Settings","使用预设设定"
"Use Default","使用预设"
"Use Default Value","使用默认值"
"Use Default Variable Values","使用默认的变量值"
"Use FTP Connection","使用 FTP 联机"
"Use Website","使用网站地址"
"Used Currently For","使用过的"
"Used as Default For","预设使用"
"User Email","使用者信箱"
"User ID","使用者编号"
"User Info","用户信息"
"User Information","用户信息"
"User Name","账号"
"User Name is required field.","账号是必填的字段"
"User Name:","账号："
"User Password","账号密码"
"User Role","使用者角色"
"User Roles","使用者角色"
"User Roles Information","用户角色信息"
"User Type Resources","使用者类型资源"
"User name","账号"
"Users","使用者"
"VAT Number is Invalid","VAT 编号错误"
"VAT Number is Valid","VAT 编号正确"
"Validation Results","验证结果"
"Value","值"
"Value Delimiter:","值分隔符："
"Variable","变数"
"Variable Code","变数代码"
"Variable HTML Value","变数的HTML值"
"Variable ID","变数ID"
"Variable Name","变量名"
"Variable Plain Value","变量简单值"
"Verifier code: %s","验证码：%s"
"View Actions XML","查看操作 XML"
"View Full Size","查看原始大小"
"View Memo","查看备忘录"
"View Memo for #%s","查看备忘录为 #%s"
"View Shipment","查看货件"
"View Statistics For:","检视统计："
"Visibility:","可见性："
"Warning","警告"
"Warning! Empty value can cause problems with CSV format.","警告！空值可能引起 CSV 格式问题"
"Warning!\r\nThis action will remove this user from already assigned role\r\nAre you sure?","警告！\r\n该操作将把会员从指定的角色中删除\r\n您确认吗？"
"Warning!\r\nThis action will remove those users from already assigned roles\r\nAre you sure?","警告！\r\n该操作将把这些会员从指定的角色中删除\r\n您确认吗？"
"Warning: Please do not close the window during importing/exporting data","警告：汇入/导出数据时，请不要关闭窗口"
"Watermark File for %s","%s的水印档案"
"We appreciate our merchants\' feedback, please <a href=""#"" onclick=""surveyAction(\'yes\'); return false;"">take our survey</a> to provide insight on the features you would like included in Magento. <a href=""#"" onclick=""surveyAction(\'no\'); return false;"">Remove this notification</a>","我们感谢您填写反馈讯息, 请 <a href=""#"" onclick=""surveyAction(\'yes\'); return false;"">告诉我们,您们的调查</a> 提供您想了解在Magento包含的功能. <a href=""#"" onclick=""surveyAction(\'no\'); return false;"">删除此通知</a>"
"We\'re in our typing table, coding away more features for Magento. Thank you for your patience.","我们正完善 Magento 的功能，请耐心等候"
"Web Section","Web 区"
"Web Services","Web 服务"
"Web services","Web 服务"
"Website","网站"
"What is this?","这是什么？"
"Wishlist Report","待购列表报表"
"Wishlist item is not loaded.","待购列表夹里的项目没有被加载"
"Wrong account specified.","指定了错误的账号"
"Wrong billing agreement ID specified.","指定的付款协议错误"
"Wrong column format.","字段格式错误"
"Wrong newsletter template.","电子报样板错误"
"Wrong quote item.","引用项目错误"
"Wrong tab configuration.","标签(tag)设定错误"
"Wrong tag was specified.","指定的标签错误"
"Wrong transaction ID specified.","指定的交易ID错误"
"XML","XML"
"XML data is invalid.","XML 数据错误"
"XML object is not instance of ""Varien_Simplexml_Element"".","XML 物件没有实做 ""Varien_Simplexml_Element"""
"YTD","今年"
"Year","年份"
"Yes","是"
"Yes (301 Moved Permanently)","是 (301永久引导)"
"Yes (302 Found)","是 (302暂时引导)"
"Yes (only price with tax)","是 (仅价格含税)"
"You cannot delete your own account.","您不能删除自己的账号"
"You have %s unread message(s).","您有%s条未读讯息"
"You have %s unread message(s). <a href=""%s"">Go to messages inbox</a>.","您有 %s 封未读讯息， <a href=""%s"">前往收件匣</a>"
"You have %s, %s and %s unread messages. <a href=""%s"">Go to messages inbox</a>.","您有  %s, %s 与 %s 封未读讯息， <a href=""%s"">前往收件匣</a>"
"You have logged out.","您已经注销"
"You have not enough permissions to use this functionality.","没有权限使用该功能"
"You must have JavaScript enabled in your browser to utilize the functionality of this website.","您须开启浏览器的JavaScript来运行此网站的功能"
"You need to specify order items.","您必须指定订单项目"
"You will need to wait when the action ends.","您必须等待操作完成"
"Your answers contain duplicates.","您的回复重复了"
"Your password has been updated.","您的密码已经更新"
"Your password reset link has expired.","您的密码重设链接已经逾时"
"Your server PHP settings allow you to upload files not more than %s at a time. Please modify post_max_size (currently is %s) and upload_max_filesize (currently is %s) values in php.ini if you want to upload larger files.","您的服务器上PHP 设定单次档案上传不能超过%s，如果您想要上传更大的档案，请编辑php.ini 中post_max_size （目前设定：%s）以及upload_max_filesize （目前设定：%s）"
"Your web server is configured incorrectly. As a result, configuration files with sensitive information are accessible from the outside. Please contact your hosting provider.","您的服务器设定错误. 因此,您的敏感档案在外部是可以访问的. 请联络您的空间商"
"Zip/Postal Code","邮政编码"
"Zip/Postal Code:","邮政编码："
"[ deleted ]","[ 删除 ]"
"[GLOBAL]","[全局]"
"[STORE VIEW]","[商店前台]"
"[WEBSITE]","[网站]"
"b","b"
"close","关闭"
"critical","严重"
"example: ""sitemap/"" or ""/"" for base path (path must be writeable)","例：基础路径""sitemap/"" 或""/""（路径必须可写）"
"example: sitemap.xml","例：sitemap.xml"
"failed","失败"
"from","来自"
"major","重要"
"minor","次要"
"notice","公告"
"store(%s) scope","商店(%s)范围"
"successful","成功"
"to","到"
"website(%s) scope","网站(%s)范围"
"{{base_url}} is not recommended to use in a production environment to declare the Base Unsecure URL / Base Secure URL. It is highly recommended to change this value in your Magento <a href=""%s"">configuration</a>.","{{base_url}}不建议在正式运行环境下公布基础不安全网址和基础安全网址。强烈建议您在Magento <a href=""%s"">设定</a>中编辑此值"
