"# of Use","使用次数"
"%1$s incl tax.","%1$s 含税"
"%s - %s","%s - %s"
"%s Item(s)","%s 个项目"
"%s and above","%s 以上"
"(%d)","(%d)"
"(Copy data from: %s)","(复制数据自: %s)"
"* Required Fields","* 必填字段"
"-- Please Select --","-- 请选择 --"
"86400 by default, if not set. To refresh instantly, Clear the Blocks HTML Output Cache.","如果没有设定，预设为86400。为了立即更新，请清空HTML区块快取输出"
"<strong style=""color:red"">Warning!</strong> Applying MAP by default will hide all product prices on the frontend.","<strong style=""color:red"">警告！</strong> 预设套用地图会在前台隐藏所有产品价格"
"A group with the same name already exists.","相同名字的群组已经存在"
"A name is required","名字必填"
"A product type is not defined for the indexer.","产品类型没有在索引定义"
"ALL GROUPS","所有群组"
"AM","AM"
"Action","操作"
"Actual Price","实际价格"
"Add","新增"
"Add Attribute","新增属性"
"Add Design Change","新增接口设计"
"Add Group","新增群组"
"Add Group Price","新增群组价格"
"Add New","新增"
"Add New Attribute","新增属性"
"Add New Attribute Set","新增属性集合"
"Add New Group","新增群组"
"Add New Images","新增图片"
"Add New Option","新增选项"
"Add New Row","新增行"
"Add New Search Term","新增搜寻关键词"
"Add New Set","新增集合"
"Add Product","新增产品"
"Add Product To Websites","新增产品到网站"
"Add Root Category","新增根目录"
"Add Subcategory","新增子目录"
"Add Tax","新增税"
"Add Tier","新增层次"
"Add attribute into attribute set","新增属性到属性集合"
"Add group into attribute set","新增群组到属性集合"
"Add new custom option into product","新增自定义选项到产品"
"Add new values into custom option","新增数值到自定义选项"
"Add option","新增选项"
"Add to Cart","加入购物车"
"Add to Compare","加入比较"
"Add to Wishlist","加入待购清单"
"Additional Information","其他信息"
"Alert Urls","警告网址"
"All","所有"
"All Product Types","所有产品类型"
"All Websites","所有网站"
"All products","所有产品"
"All products - recently added products, New products - products marked as new","所有产品 - 最近新增的产品，新产品 – 标示为新的产品"
"All products of this set will be deleted! Are you sure you want to delete this attribute set?","所有使用此属性集合的产品将会被删除！您确定要删除此属性集合吗？"
"Allow All Products per Page","分类允许显示所有产品"
"Allow Dynamic Media URLs in Products and Categories","允许在产品与分类中使用动态媒体网址"
"Allow HTML Tags on Frontend","允许前台使用HTML标记"
"Allowed File Extensions","允许档案后缀"
"Allowed file extensions to upload","允许上传档案后缀"
"An error occurred while adding products to websites.","增加产品到网站时出错"
"An error occurred while clearing comparison list.","清空比较时出错"
"An error occurred while deleting this review.","删除这个评论时发生错误"
"An error occurred while removing products from websites.","从网站删除产品时出错"
"An error occurred while saving the URL rewrite","保存替代网址时发生错误"
"An error occurred while saving the attribute set.","保存属性集合时出错"
"An error occurred while saving the collection, aborting. Error message: %s","加载组合出错，注销。 错误讯息： %s"
"An error occurred while saving the product. ","保存产品时出错"
"An error occurred while saving the search query.","保存查询时出错"
"An error occurred while saving this group.","保存群组时出错"
"An error occurred while saving this review.","保存这个评论时发生错误"
"An error occurred while trying to delete the category.","删除分类时出错"
"An error occurred while updating the product(s) attributes.","更新产品属性时出错"
"An error occurred while updating the product(s) status.","更新产品状态时出错"
"An invalid group ID is specified, skipping the record.","指定错误的组ID，或略该记录"
"An invalid option ID is specified for %s (%s), skipping the record.","为 %s (%s)指定错误选项ID，忽略该记录"
"An invalid store was specified.","指定不允许的商店"
"Anchor Custom Text","锚点自定义文字"
"Anchor Custom Title","锚点自定义标题"
"Applicable to catalog products and categories only. Any media content will be inserted into editor as a static URL. It is not updated if the system configuration base URL changes.","只适用于目录产品与分类。所有媒体内容将当作静态链接插入编辑器。将不会随系统设定的基础网址改变"
"Apply MAP (Default Value)","套用地图 (默认值)"
"Apply To","套用于"
"Approved","已通过审核"
"Are you sure you want to delete this category?","您确定要删除这个分类吗？"
"Are you sure you would like to remove all products from your comparison?","您确定要从比较产品中删除所有产品吗？"
"Are you sure you would like to remove this item from the compare products?","您确定要从比较产品中删除这个产品吗？"
"Are you sure?","您确定吗？"
"As low as:","低至："
"Assign","指定"
"Assign product link","指定产品链接"
"Assign product to category","新增产品到分类"
"Assigned Products","已指定产品"
"Associated Products","相关产品"
"Attrib. Set Name","属性集合名称"
"Attribute ""%s"" is invalid.","属性 ""%s"" 不允许"
"Attribute ""%s"" is required.","属性 ""%s"" 是必需的"
"Attribute Information","属性信息"
"Attribute Model","属性型号"
"Attribute Name:","属性名称："
"Attribute Set","属性集合"
"Attribute Sets","属性集合"
"Attribute add","新增属性"
"Attribute code is invalid. Please use only letters (a-z), numbers (0-9) or underscore(_) in this field, first character should be a letter.","属性代码错误，字段中只能够使用字母 (a-z)、数字 (0-9) 或底线(_)，第一个字符必须是字母"
"Attribute group with the \"/name/\" name already exists","名为 \"/name/\" 的属性集合已存在"
"Attribute remove","移除属性"
"Attribute with the same code already exists","属性代码已存在"
"Attributes","属性"
"Attrribute names can be specified per store.","同一属性可为每一个商店指定不同的名称"
"Autogenerate","自动产生"
"Availability:","库存状态："
"Back","返回"
"Backend Model","后台型号"
"Backend Table","后台表"
"Backend Table Title","后台表标题"
"Backorders","延期交货"
"Based On","基于"
"Before Order Confirmation","在订单确认前"
"Best Value","超值"
"Block after Info Column","信息栏之后的区块"
"Bottom Block Options Wrapper","下方区块选项解析"
"Bottom/Left","左下"
"Bottom/Right","右下"
"Browse By","查看"
"Bundle Items","集合货品"
"Buy %1$s","购买 %1$s"
"Buy %1$s for","购买 %1$s 于"
"Buy %1$s for %2$s","购买 %1$s，每件 %2$s"
"Buy %1$s for %2$s (%3$s incl. tax) each","购买 %1$s，每件仅需 %2$s (%3$s 含税)"
"Buy %1$s for %2$s each","购买 %1$s，每件仅需 %2$s"
"Cache Lifetime (Seconds)","快取有效期 (秒)"
"Cache refresh needed.","快取需要更新"
"Can be Divided into Multiple Boxes for Shipping","可以分装为多箱进行运送"
"Can be used only with catalog input type Dropdown","仅用于目录下拉选单"
"Can be used only with catalog input type Dropdown, Multiple Select and Price","仅用于目录下拉选单、多重选择和价格"
"Can\'t create image.","无法建立图片"
"Cancel","取消"
"Cannot create image.","无法建立图片"
"Cannot create writeable directory '%s'.","无法建立可写目录 '%s'"
"Cart Item Attribute","购物车产品属性"
"Catalog","产品"
"Catalog Category (Anchor)","产品目录 (固定点)"
"Catalog Category (Non-Anchor)","产品目录(非固定点)"
"Catalog Category (Without Subcategories)","产品分类(没有子分类)"
"Catalog Category Link","产品目录链接"
"Catalog New Products List","目录新产品列表"
"Catalog Price Scope","目录价格范围"
"Catalog Product Compare List","目录产品比较产品"
"Catalog Product Email to a Friend","目录产品推荐给朋友"
"Catalog Product Image Gallery Popup","目录产品图片弹出"
"Catalog Product Link","目录产品链接"
"Catalog Product View (Any)","目录产品查看(所有)"
"Catalog Product View (Configurable)","目录产品查看 (可客制化产品)"
"Catalog Product View (Grouped)","目录产品查看 (打包产品)"
"Catalog Product View (Simple)","目录产品查看 (简单产品)"
"Catalog Product View (Virtual)","目录产品查看 (虚拟产品)"
"Catalog Section","目录区"
"Catalog Seo Sitemap (Category List)","目录SEO地图 (分类列表)"
"Catalog Seo Sitemap (Category Tree)","SEO地图 (分类树)"""
"Catalog Seo Sitemap (Common)","目录SEO地图 (普通)"
"Catalog Seo Sitemap (Product List)","目录SEO地图(产品列表)"
"Catalog URL Rewrites","目录替代网址"
"Catalog product custom option values API","目录产品自定义选项值 API"
"Catalog product custom options API","目录产品自定义选项 API"
"Catalog, Search","目录，搜寻"
"Categories","分类"
"Categories Sitemap","分类网站地图"
"Category","分类"
"Category API","分类 API"
"Category Data","分类资料"
"Category Flat Data","目录数据"
"Category Link Block Template","分类连结块样板"
"Category Link Inline Template","分类连结文内样板"
"Category Products","分类产品"
"Category Top Navigation","顶部目录导览"
"Category URL Suffix","目录 URL 后缀"
"Category attributes API","分类属性 API"
"Category move error","移动分类出错"
"Category move error %s","移动分类出错 %s"
"Category move operation is not possible: parent category is equal to child category.","分类移动错误：父分类跟子分类相同"
"Category move operation is not possible: the current category was not found.","分类移动错误：找不到目前分类"
"Category move operation is not possible: the new parent category was not found.","分类移动操作不成功,新的父类没有找到"
"Category must be an instance of Mage_Catalog_Model_Category.","分类必须是 Mage_Catalog_Model_Category 实例"
"Center","置中"
"Change","编辑"
"Change or Retrieve attribute store view","编辑或取得商店接口属性"
"Change status","编辑状态"
"Check items to add to the cart or","选择产品新增至购物车或"
"Choose an Option...","选择选项.."
"Clear All","清除所有"
"Clear Price","清除价格"
"Click for price","点这看价格"
"Close Window","关闭窗口"
"Collapse All","全部迭起"
"Comma-separated.","逗号分隔"
"Comparable","可比较"
"Comparable on Front-end","可在前台比较"
"Comparable on the Frontend","在前台可比较"
"Compare","比较"
"Compare Products","比较产品"
"Conditions Combination","条件组合"
"Configurable Product","客制化产品"
"Configurable Product Settings","客制化产品的设定"
"Configure Product","客制化产品"
"Continue","继续"
"Copy From Configurable","从客制化复制"
"Country/State","国家/地区"
"Create","建立"
"Create (Upload)","建立（上传）"
"Create Empty","建立空"
"Create Permanent Redirect for URLs if URL Key Changed","在网址代码变更时建立该网址的永久引导"
"Create Permanent Redirect for old URL","为旧网址建立永久引导"
"Create Product Settings","建立产品设定"
"Create Simple Associated Product","建立简单相关产品"
"Create attribute set based on another set","以另一个集合建立属性集合"
"Create new attribute","建立新属性"
"Create new category","建立新分类"
"Create new product","建立新产品"
"Cross-sells","交叉销售"
"Currently Shopping by:","目前购物人："
"Custom Design","自定义设计"
"Custom Options","自定义选项"
"Custom options","自定义选项"
"Customer Group","客户群组"
"Customers Reviews","客户评论"
"Customers Tagged Product","客户产品卷标"
"Data Type for Saving in Database","保存在数据库的日期类型"
"Date & Time Custom Options","自定义时间和日期选项"
"Date Fields Order","日期字段排序"
"Date Subscribed","订阅日期"
"Datetime","日期"
"Decimal","小数"
"Declare attribute value saving scope","定义属性值保存范围"
"Default ""What's This"" Text Message","预设的 ""这是什么"" 文字讯息"
"Default Popup Text Message","默认弹出窗口文字讯息"
"Default Price","默认价格"
"Default Price Navigation Step","默认价格导览步"
"Default Qty","预设数量"
"Default Values","默认值"
"Defines the base currency scope (""Currency Setup"" > ""Currency Options"" > ""Base Currency"").","定义基础货币范围 (""货币设定"" > ""货币选项"" > ""基础货币"")"
"Delete","删除"
"Delete Attribute","删除属性"
"Delete Attribute Set","删除属性集合"
"Delete Category","删除分类"
"Delete Group Price","删除群组价格"
"Delete Option","删除选项"
"Delete Row","删除行"
"Delete Search","删除搜寻"
"Delete Selected Group","删除所选群组"
"Delete Tier","删除阶层"
"Delete attribute","删除属性"
"Delete category","删除分类"
"Delete product","删除产品"
"Depends on design theme","决定于样板设计"
"Design","设计"
"Details","细节"
"Disabled","停用"
"Disallowed file type.","不允许的文件类型"
"Display Actual Price","显示实际价格"
"Display Page Control","显示页面控件"
"Display Price Interval as One Price","将价格间距显示为一个价格"
"Display Product Count","显示产品数量"
"Display Type","显示类型"
"Display in Suggested Terms","在建议关键词中显示"
"Double click on a group to rename it","双击群组来修改名称"
"Double click on above image to view full picture","双击上面的图片查看全图"
"Downloadable Information","下载信息"
"Duplicate","复制"
"Duplicate website group price customer group.","复制网站群组价格客户群组"
"Duplicate website tier price customer group and quantity.","复制网站分层价格客户群组和数量"
"Duplicate website, country and state tax found.","发现重复的网站、国家或地区税率"
"E.g. {{media url=""path/to/image.jpg""}} {{skin url=""path/to/picture.gif""}}. Dynamic directives parsing impacts catalog performance.","例： {{media url=""path/to/image.jpg""}} {{skin url=""path/to/picture.gif""}} ，动态指令解析会影响目录的效率"
"Edit","编辑"
"Edit Attribute Set '%s'","编辑属性集合'%s'"
"Edit Product Attribute","编辑产品属性"
"Edit Product Attribute ""%s""","编辑产品属性""%s"""
"Edit Search","编辑搜寻"
"Edit Search '%s'","编辑搜寻'%s'"
"Edit Set Name","编辑集名"
"Email","电子信箱"
"Email to a Friend","转寄给朋友"
"Empty","空"
"Enable MAP","开启地图"
"Enable Qty Increments","使用数量增加"
"Enable WYSIWYG","开启所见即所得编辑器"
"Enable for reindexing a big number of SKUs.","开启来为大量的产品统一编号进行重新索引"
"Enabled","开启"
"Error during retrieval of option value: %s","读取选项值时出错：%s"
"Exclude","不显示"
"Expand All","全部展开"
"Failed","失败"
"Failed to copy file %s. Please, delete media with non-existing images and try again.","复制档案 %s 失败，请删除媒体文件中不存在的图片后重试"
"Failed to move file: %s","无法移动档案：%s"
"Feature Products","推荐产品"
"Field is not complete","字段是不完整的"
"File options format is not valid.","档案选项格式是有误的"
"File upload failed","档案上传失败"
"Filter model name must be declared.","过滤器名必须声明"
"Filter must be an object. Please set correct filter.","过滤器必须作为对象。请正确设定过滤器"
"Filterable (no results)","有条件 (不含结果)"
"Filterable (with results)","有条件 (含结果)"
"First Name","名字"
"Fixed","固定"
"For internal use.","内部使用"
"For the last time placed.","上次放置的"
"Frontend","前台"
"Frontend Model","前台型号"
"Frontend Properties","前台属性"
"Gallery","图册"
"General Information","一般信息"
"Get full information about attribute with list of options","取得属性与选项列表的完整信息"
"Get full information about custom option in product","取得产品自定义选项的完整信息"
"Get list of available custom option types","取得可用自定义选项类型列表"
"Get list of non-default attributes by product type and attributes set","依据产品类型与属性集合取得非默认属性的列表"
"Get list of possible attribute types","取得可能的属性类型"
"Get special price","取得特价"
"Global","全站"
"Globally Editable","可全站编辑"
"Go to Home Page","转到首页"
"Grid","表格"
"Group add","新增群组"
"Group remove","移除群组"
"Grouped Product","组合产品"
"Groups","群组"
"Home","首页"
"ID","编号"
"ID: %s","编号: %s"
"If empty, the Category Name will be used","如果空白，将使用分类名"
"If empty, the Product Name will be used","如果空白,将使用产品名"
"If you do not specify an option value for a specific store view then the default (Admin) value will be used.","如果您未给商店指定选项值，将使用默认值"
"Image","图片"
"Image content is not valid base64 data.","图片内容不是正确的 base64 数据"
"Image does not exist.","图片不存在"
"Image file was not found.","图片档案没找到"
"Image type and information need to be specified for each store view.","每个商店接口要输入图片类型和信息"
"In Cart","在购物车"
"In Stock","有库存"
"In stock","有库存"
"Incl. Tax","含税"
"Index product and categories URL rewrites","索引产品和分类链接改写"
"Index product attributes for layered navigation building","索引产品属性分阶层导览"
"Index product prices","索引产品价格"
"Indexed category/products association","索引分类/产品"
"Info","信息"
"Info Column Options Wrapper","信息栏选项外观"
"Input Type","输入类型"
"Integer","整数"
"Interval Division Limit","区间划分限制"
"Invalid Tier Prices","错误的分级价格"
"Invalid attribute %s","错误的属性 %s"
"Invalid attribute option specified for attribute %s (%s), skipping the record.","属性 %s (%s) 数值有误，略过资料"
"Invalid attribute set specified, skipping the record.","指定的属性集合有误，略过数据"
"Invalid block: %s.","区块有误：%s"
"Invalid category IDs.","分类编号有误"
"Invalid category.","错误的分类"
"Invalid image file type.","图片文件类型有误"
"Invalid image type.","错误的分类类型"
"Invalid option ID specified for %s (%s), skipping the record.","%s (%s)的选项编号有误，忽略该记录"
"Invalid product type specified, skipping the record.","产品类型有误，略过数据"
"Invalid store specified","指定的商店有误"
"Invalid store specified, skipping the record.","指定的商店有误，略过数据"
"Invalid tier prices. The product is not associated to the requested website.","错误双重价格。产品与请求网站无关"
"Inventory","库存"
"Is Default","预设"
"Is Required","必填"
"Items %s to %s of %s total","产品%s到%s，共%s件"
"Items that you do not want to show in the catalog or search results should have status 'Disabled' in the desired store.","不要显示在目录或搜寻结果中的产品， 相应商店中的状态要设定为'停用'"
"Items that you don't want to show in the catalog or search results should have status 'Disabled' in the desired store.","不要显示在目录或搜寻结果中的产品， 相应商店中的状态要设定为'停用'"
"Keep your eyes open for our special Back to School items and save A LOT!","睁大眼睛找到特殊的""返校"" 项目，获得大实惠！"
"Label","标签"
"Last Name","姓氏"
"Last Notification","最近提醒"
"Layered Navigation","阶层导览"
"Learn More","更多信息"
"Line %d, Email: %s","行%d，信件：%s"
"Line %d, SKU: %s","行%d，产品统一编号: %s"
"Link (Related, Up sell, Cross sell)","连接（关联，推荐销售，交叉销售）"
"Link product does not exist.","链接产品不存在"
"Link to a Specified Category","连结到指定的分类"
"Link to a Specified Product","链接到指定的产品"
"List","清单"
"List Mode","列表模式"
"List of Products that are set as New","产品列表设定为新"
"List of types","类型清单"
"Manage Attribute Sets","管理属性集合"
"Manage Attributes","管理属性"
"Manage Catalog Categories","管理目录分类"
"Manage Categories","管理分类"
"Manage Label / Options","管理卷标/选项"
"Manage Options (values of your attribute)","管理选项 (属性值)"
"Manage Product Attributes","管理产品属性"
"Manage Product Sets","管理组合产品"
"Manage Products","管理产品"
"Manage Stock","管理库存"
"Manage Titles (Size, Color, etc.)","管理标题 (大小、颜色等。)"
"Max Characters","字符数目上限"
"Maximal Depth","层数上限"
"Maximum Image Size","图片大小上限"
"Maximum Number of Price Intervals","价格间距上限"
"Maximum Qty Allowed in Shopping Cart","购物车中产品数量上限"
"Maximum allowed image size for '%s' is %sx%s px.","对于 '%s' 的图片大小上限为 %sx%s px"
"Maximum image height","图片高度上限"
"Maximum image width","图片宽度上限"
"Maximum number of characters:","字符数量上限："
"Maximum number of price intervals is 100","价格间隔上限为 100"
"Media Image","媒体图片"
"Minimum Advertised Price","刊登价格下限"
"Minimum Lines per Page","每页行数下限"
"Minimum Qty Allowed in Shopping Cart","购物车中产品数量下限"
"Minimum Qty for Item\'s Status to be Out of Stock","产品缺货状态的数量下限"
"Missing SKU, skipping the record.","缺少产品统一编号，略过资料"
"More Views","更多"
"Move","移动"
"Move category in tree","移动分类"
"Must be in the allowed values list.","必须在允许的值"
"N/A","无"
"Name","名称"
"Name in %s","%s中名称"
"New Product","新增产品"
"New Product Attribute","新产品属性"
"New Products","新产品"
"New Products Grid Template","新产品网格样板"
"New Products List Template","新产品列表样板"
"New Root Category","新的根目录"
"New Search","新搜寻"
"New Set Name","新组合名称"
"New Subcategory","新子目录"
"New products","New products"
"Next","下一个"
"No","否"
"No image","没有图片"
"No layout updates","无版面更新"
"No options of this product are available.","没有这个产品的选项可用"
"No product collections found.","没有找到产品组合"
"None","无"
"Not Visible Individually","不可见"
"Notify Low Stock RSS","低库存提醒RSS"
"Notify for Quantity Below","提醒数量低于"
"Number of Products per Page","每页产品数量"
"Number of Products to Display","显示产品的数量"
"Number of Uses","使用次数"
"Number of results","结果数量"
"Number of results (For the last time placed)","结果数量 (最近一次配置的)"
"OK","是"
"OR","或"
"Old Price:","建议售价："
"On Gesture","基于手势"
"Option validation failed to add product to cart.","将所购产品增加至购物车时失败"
"Option values","选项数值"
"Option:","选项："
"Options","选项"
"Options Control","选项控制"
"Options is required","必填选项"
"Our customer service is available 24/7. Call us at (555) 555-0123.","我们的客户服务 7x24 可用。客服电话：(555) 555-0123"
"Out of Stock","缺货"
"Out of stock","缺货"
"PM","PM"
"Page Title Separator","页面标题分隔符"
"Parent Category","上层分类"
"Pending","等待中"
"Pending Reviews RSS","待审评论的RSS"
"Percentage","百分比"
"Please add rows to option.","请新增数据到选项"
"Please be careful as once you click on the row it will load package data form the selected file and all unsaved form data will be lost.","请谨慎操作，一旦您点选此行，选定档案的包数据将被汇入，所有未保存的窗体将会丢失"
"Please click on the Close Window button if it is not closed automatically.","如果窗口没有自动关闭，点关闭按钮"
"Please enter a new group name","请输入新组名"
"Please refresh ""Catalog URL Rewrites"" and ""Product Attributes"" in System -&gt; <a href=""%s"">Index Management</a>","请在 系统 -&gt; <a href=""%s"">索引管理</a>更新 ""目录替代网址"" 与 ""产品属性"""
"Please select a static block ...","请选择静态区块 .."
"Please select items.","请选择项目"
"Please select one or more attributes.","请选择一个以上属性"
"Please select product(s).","请选择产品"
"Please select products for attributes update","请选择产品更新属性"
"Please specify date required option(s).","请指定日期必选项目目"
"Please specify the number of products, that will not be divided into subintervals.","请指定产品数量，他不会被分割为子间隔"
"Please specify the product required option(s)","请指定产品必选项目"
"Please specify the product required option(s).","请指定产品必选项目"
"Please specify the product\'s option(s).","请指定产品选项"
"Please specify the product\'s required option(s).","请指定产品必选项目"
"Please specify the quantity of product(s).","请指定产品数量"
"Please specify time required option(s).","请指定时间必选项目"
"Please wait...","请等待.."
"Position","位置"
"Position in Layered Navigation","阶层导览中位置"
"Position of attribute in layered navigation block","层导览区块中的属性位置"
"Prev","上一个"
"Previous","上一个"
"Price","价格"
"Price Navigation Step Calculation","价格导览阶层计算"
"Price Type","价格类型"
"Price is not available","价格无法使用"
"Price values for options should be specified in system base currency.","请在系统基础货币中输入选项价格"
"Price:","价格："
"Price: %s","价格: %s"
"Print This Page","打印本页"
"Product","产品"
"Product API","产品 API"
"Product Alerts","产品提醒"
"Product Attribute","产品属性"
"Product Attributes","产品属性"
"Product Categories","产品分类"
"Product Description","产品说明"
"Product Extra Info","产品附加信息"
"Product Flat Data","产品数据"
"Product ID","产品编号"
"Product Image Placeholders","产品图片区块"
"Product Image Watermarks","产品图片水印"
"Product Images","产品图片"
"Product Images API","产品图片 API"
"Product In Websites","产品网站"
"Product Info Column","产品信息栏"
"Product Information","产品信息"
"Product Link Block Template","产品链接块样板"
"Product Link Inline Template","产品链接文内样板"
"Product Listing Sort by","产品列表排序按"
"Product Name","产品名称"
"Product Prices","产品价格"
"Product Reviews","产品评论"
"Product Tags","产品卷标"
"Product Tier Price API","产品分级价格 API"
"Product Type","产品类型"
"Product URL Suffix","产品 URL 后缀"
"Product View Extra Hint","产品视图附加提示"
"Product attribute sets API","产品属性集合 API"
"Product attributes API","产品属性 API"
"Product collection expected.","需要产品组合"
"Product is not loaded","产品没有加载"
"Product links API (related, cross sells, up sells)","产品连接API （相关产品，交叉销售，推荐销售）"""
"Product types API","产品类型 API"
"Product with this combination of attributes already associated to configurable.","该属性集合的产品已与配置关联"
"Products","产品"
"Products Comparison List","产品比较产品"
"Products Information","产品信息"
"Products Reviews","产品评论"
"Products Sitemap","产品网站地图"
"Products only","仅限产品"
"Products per Page on Grid Allowed Values","表格模式下每页产品显示数量允许值"
"Products per Page on Grid Default Value","每页表格产品数量的默认值"
"Products per Page on List Allowed Values","列表列表模式下每页产品显示数允许值"
"Products per Page on List Default Value","每页列表产品数量的默认值"
"Properties","属性"
"Qty","数量"
"Qty Increments","数量增加"
"Qty Uses Decimals","数量用十进制"
"Qty for Item\'s Status to Become Out of Stock","决定产品售完的数量"
"Qty:","数量:"
"Quantity","数量"
"Quick Create","快速建立"
"Quick Overview","简介"
"Quick simple product creation","快速建立简单产品"
"Records for ""%s"" store found.","""%s"" 商店找到的数据"
"Redirect","引导"
"Redirect URL","引导网址"
"Regular Price:","建议售价："
"Related Products","相关产品"
"Remove","删除"
"Remove Product From Websites","从网站删除产品"
"Remove This Item","删除这个项目"
"Remove attribute from attribute set","从属性集合移除属性"
"Remove attribute set","移除属性集合"
"Remove custom option","移除自定义选项"
"Remove group from attribute set","从属性集合移除群组"
"Remove option","移除选项"
"Remove product assignment","从分类中删除分配产品"
"Remove product image","删除产品图片"
"Remove product link","删除产品连接"
"Remove value from custom option","从自定义选项移除数值"
"Rename existing group","更改既有组名"
"Rename group","更改组名"
"Reorganize EAV category structure to flat structure","重新整理 EAV 分类结构为平面结构"
"Reorganize EAV product structure to flat structure","重新整理 EAV 产品结构为平面结构"
"Reset","重置"
"Results","结果"
"Retrieve attribute data","取得属性数据"
"Retrieve attribute list","取得属性列表"
"Retrieve attribute options","取得属性选项"
"Retrieve categories tree","取得分类树"
"Retrieve category attributes","取得目录属性"
"Retrieve category data","取得目录数据"
"Retrieve hierarchical tree","取得分级(目录)树"
"Retrieve linked products","取得连接产品列表"
"Retrieve list of assigned products","取得指定产品列表"
"Retrieve list of option values","取得选项值的列表"
"Retrieve list of product custom options","取得产品自定义选项的列表"
"Retrieve one level of categories by website/store view/parent category","根据网站/商店视图/父目录取得单层分类"
"Retrieve option value info","取得选项数值信息"
"Retrieve product","取得产品"
"Retrieve product attribute sets","取得产品属性集合"
"Retrieve product image","取得产品图片"
"Retrieve product image list","取得产品图片列表"
"Retrieve product image types","取得产品图片类型"
"Retrieve product link type attributes","取得产品连接类型属性"
"Retrieve product link types","取得产品连接类型"
"Retrieve product tier prices","取得产品分级价格"
"Retrieve product types","取得产品类型"
"Retrieve products data","取得产品数据"
"Retrieve products list by filters","根据过滤器取得产品列表"
"Reviews","评论"
"Roll Over for preview","总评"
"Root","根分类"
"SKU","产品统一编号"
"SKU length should be %s characters maximum.","产品统一编号最多 %s 个符号"
"Save","保存"
"Save Attribute","保存属性"
"Save Attribute Set","保存属性集合"
"Save Category","保存分类"
"Save Search","保存搜寻"
"Save and Continue Edit","保存并继续编辑"
"Saved %d record(s)","保存 %d 笔数据"
"Scope","范围"
"Scope must not be changed, because the attribute is used in configurable products.","范围无法改变，因为这个属性已经用在客制化产品"
"Search","搜寻"
"Search Engine Optimizations","搜索引擎优化"
"Search Information","搜寻信息"
"Search Query","搜寻"
"Search Term with such search query already exists.","搜寻关键词已存在"
"Searchable","可搜寻"
"See price before order confirmation.","在订单确认前检视价格"
"Select Category...","选择分类.."
"Select Configurable Attributes ","选择可设定属性"
"Select Product...","选择产品.."
"Select type of option","选择选项类型"
"Select type options required values rows.","选择类型选项需指定选项值数组"
"Selected Product Types","选择产品类型"
"Send Count","发送计算"
"Set Ascending Direction","设为升幂"
"Set Descending Direction","设为降序"
"Set Name","集合名称"
"Set Root Category for Store","设定商店根分类"
"Set root category for this store in the <a href=""%s"">configuration</a>","在<a href=""%s"">设定</a>中给该商店设定根分类"
"Set special price","设定特价"
"Set/Get current store view","设定/获得目前商店接口"
"Settings","设定"
"Shop By","购物选项"
"Shopping Options","购物选项"
"Show","显示"
"Show Details","显示详情"
"Show Tags","显示卷标"
"Simple Product","简单产品"
"Site Map","网站地图"
"Sitemap","网站地图"
"Skip import row, is not valid value ""%s"" for field ""%s""","跳过汇入行，不是正确的""%s"" 在字段""%s"""
"Skip import row, required field ""%s"" for the new customer is not defined.","跳过汇入行，新客户的必填字段 ""%s"" 尚未定义"
"Skip import row, the value ""%s"" is invalid for field ""%s""","跳过汇入行，值%s""的""是错误的领域""，""%s""的"""""
"Skipping import row, required field ""%s"" for new products is not defined.","跳过汇入行，新产品必填字段 ""%s"" 尚未定义"
"Skipping import row, required field ""%s"" is not defined.","跳过汇入行，必填字段""%s""尚未定义"
"Skipping import row, store ""%s"" field does not exist.","跳过汇入行，商店""%s""字段不存在"
"Skipping import row, the value ""%s"" is not valid for the ""%s"" field.","跳过汇入行，值 ""%s"" 对于字段 ""%s"" 不合理"
"Some of the processed products have no SKU value defined. Please fill it prior to performing operations on these products.","部分处理产品没有定义产品统一编号。请在对这些产品进行操作之前补充完整"
"Some of the selected item options are not currently available.","部份选择的选项目前无法使用"
"Sort By","排序"
"Sort Order","排序"
"Source Model","来源型号"
"Special Expires On: %s","特价到： %s"
"Special Price:","特价："
"Special Price: %s","特价: %s"
"Starting at:","起价："
"Static","固定"
"Static block and products","固定区块和产品"
"Static block only","仅固定区块"
"Status","状态"
"Stock Availability","库存情况"
"Store","商店"
"Store View","商店界面"
"Stretch","伸展"
"Subscribe to RSS Feed","订阅 RSS Feed"
"Super product attributes configuration","进阶产品属性设定"
"Synonym For","同义"
"System Properties","系统属性"
"Tag Name","标签名"
"Tax","税"
"Template","样板"
"Text","文字"
"The Flat Catalog module has a limit of %2\$d filterable and/or sortable attributes. Currently there are %1\$d of them. Please reduce the number of filterable/sortable attributes in order to use this module","平面分类模块被限制为 %2\$d 个筛选器和/或可排序属性。目前已经使用了 %1\$d 个。为了使用该模块，请减少所用筛选器/排序属性的数量"
"The From Date value should be less than or equal to the To Date value.","开始日期必须小于或等于结束日期"
"The attribute code \'%s\' is reserved by system. Please try another attribute code","属性代码 \'%s\' 是系统保留字，请改用其他代码"
"The attribute model is not defined","属性模型尚未定义"
"The attribute set has been saved.","属性集合已经保存"
"The base directory to upload file is not specified.","未指定上传档案的基础目录"
"The category has been deleted.","该目录已经删除"
"The category has been saved.","该目录已经保存"
"The comparison list was cleared.","比较产品被清空"
"The file '%s' for '%s' has an invalid extension","档案 '%s' 为 '%s' 后缀不允许"
"The file '%s' you uploaded is larger than %s Megabytes allowed by server","您所上传的档案 '%s' 大于服务器所允许的 %s M"
"The file you uploaded is larger than %s Megabytes allowed by server","您所上传的档案超过了服务器允许的 %s M"
"The filters must be an array.","过滤器必须是数组"
"The image contents is not valid base64 data.","图片不是允许的 base64 数据"
"The image is not specified.","未指定图片"
"The model collection resource name is not defined.","这个型号集合资源名称未定义"
"The product %s has been added to comparison list.","产品 %s 已经加入到比较产品"
"The product %s has been removed from comparison list.","产品 %s 已经从比较产品移除"
"The product attribute has been deleted.","产品属性已经删除"
"The product attribute has been saved.","产品属性已经保存"
"The product has been created.","产品已经建立"
"The product has been deleted.","产品已经删除"
"The product has been duplicated.","产品已经复制"
"The product has been saved.","产品已经保存"
"The product has required options","该产品具有要求的选项"
"The review has been deleted","评论已经删除"
"The review has been saved.","评论已经保存"
"The review was removed by another user or does not exist.","评论已经被其他会员删除或不存在"
"The search was deleted.","搜寻已经删除"
"The text is too long","文字太长"
"There are no %s available.","没有%s可用"
"There are no customers for this alert","该提醒没有客户"
"There are no customers for this alert.","该提醒没有客户"
"There are no products matching the selection.","这个分类没有符合的产品"
"There was an error while request processing.","请求处理时发生错误"
"This Attribute no longer exists","该属性已不存在"
"This attribute cannot be deleted.","该属性不能删除"
"This attribute cannot be edited.","该属性不能编辑"
"This attribute cannot be updated.","该属性不能更新"
"This attribute is used in configurable products.","这个属性被用在客制化产品"
"This attribute is used in configurable products. You cannot remove it from the attribute set.","此属性已用于客制化产品上，您不能从属性集中删除它"
"This attribute no longer exists","该属性不存在"
"This attribute set no longer exists.","该属性集合已经不存在"
"This group contains attributes, used in configurable products. Please move these attributes to another group and try again.","该属性集合包含可配置产品所使用属性。请将这些属性移到另外的属性集合再试"
"This group contains system attributes. Please move system attributes to another group and try again.","该属性集合包含系统属性。请将系统属性移到另外一个组后再试"
"This is a required option","此为必选项目"
"This product no longer exists.","该产品已不存在"
"This search no longer exists.","该搜寻已不存在"
"This setting will be applied when all prices in the specific price interval are equal.","在指定价格间隔的所有价格相同时会套用这个设定"
"Tier Pricing","分级价格"
"Tile","排列"
"Time Format","时间格式"
"Title","标题"
"To reindex the enabled product(s), the store or product must be specified","要对已开启的产品重新索引，必须指定商店或产品"
"To see product price, add this item to your cart. You can always remove it later.","要检视产品价格，请将它加入购物车。您随时可以从购物车将它移除。"
"Top/Left","左上"
"Top/Right","右上"
"Total Qty Base Items","Base 记录总数"
"Total incl. Tax: %1$s","税总额： %1$s"
"Total of %d record(s) have been deleted.","共有 %d 笔数据被删除"
"Total of %d record(s) have been updated.","共有 %d 笔数据被更新"
"Total of %d record(s) were updated","共有 %d 笔数据被更新"
"Type","类型"
"URL Rewrite Management","替代网址管理"
"Unable to complete this request.","无法完成请求"
"Unable to find a search term to delete.","没有找到要删除的搜寻关键词"
"Unable to find an attribute to delete.","没有找到要删除的属性"
"Unable to get the product ID.","无法取得产品编号"
"Unassigned Attributes","未指定的属性"
"Unknown EAV indexer type ""%s"".","未知 EAV 索引类型 ""%s"""
"Unknown attribute: %s.","未知属性： %s"
"Unsupported product type ""%s"".","不支持产品类型 ""%s"""
"Up-sells","推荐销售"
"Update","更新"
"Update Attributes","更新属性"
"Update Tier Price","更新分层价格"
"Update assigned product","更新指定产品"
"Update attribute","更新属性"
"Update attributes","更新属性"
"Update category","更新分类"
"Update custom option of product","更新产品自定义选项"
"Update product","更新产品"
"Update product image","更新产品图片"
"Update product link","更新产品连接"
"Update product tier prices","更新产品分级价格"
"Update value of custom option","更新自定义选项的数值"
"Upload new product image ","上传新的产品图片"
"Use Canonical Link Meta Tag For Categories","为分类使用标准链接元标签"
"Use Canonical Link Meta Tag For Products","为产品使用标准链接元卷标"
"Use Categories Path for Product URLs","使用分类路径作为产品 URLs"
"Use Config Settings","使用默认值"
"Use Default Value","使用默认值"
"Use Flat Catalog Category","使用平面目录分类"
"Use Flat Catalog Product","使用平面产品上当"
"Use In Layered Navigation","用于分层导览"
"Use In Search Results Layered Navigation","用于分层导览搜寻结果"
"Use JavaScript Calendar","使用 JavaScript 日历"
"Use Static URLs for Media Content in WYSIWYG for Catalog","在产品目录媒体内容的所见即所得编辑器使用静态URL"
"Use To Create Configurable Product","用于建立可配置产品"
"Use Tree Like Category Sitemap","使用树状分类网站图"
"Use config","使用设定"
"Use default","使用预设"
"Use for Promo Rule Conditions","用在促销规则条件"
"Use four-digit year format.","使用 4码 年份格式"
"Use in Advanced Search","用于进阶搜寻"
"Use in Layered Navigation","用于分阶层导览"
"Use in Layered Navigation<br/>(Can be used only with catalog input type 'Dropdown')","用于分级导览<br/>(仅用于目录输入类型'下拉选单')"
"Use in Quick Search","用于快速搜寻"
"Used for Sorting in Product Listing","用作产品列表排序"
"Used in Product Listing","用在产品列表中"
"Value for ""%s"" is invalid."," ""%s"" 的值有误"
"Value for ""%s"" is invalid: %s"," ""%s"" 的值有误： %s"
"Varchar","变数"
"View as","浏览方式"
"Virtual Product","虚拟产品"
"Visibility","可见性"
"Visible","可见"
"Visible on Catalog Pages on Front-end","在前台目录页面可见"
"Visible on Product View Page on Front-end","前台产品页可见"
"WYSIWYG Editor","所见即所得编辑器"
"Watermark","水印"
"Watermark Default Size","水印预设大小"
"Watermark Opacity, Percent","浮水印透明度百分比"
"Watermark Position","水印位置"
"We Also Recommend","我们同时推荐"
"Website","网站"
"Websites","网站"
"What's this?","这是什么？"
"Whether to show ""All"" option in the ""Show X Per Page"" dropdown.","是否显示全部中的显示每页X的下拉选项"
"Will make search for the query above return results for this search.","会让上面的搜寻传回这个查询结果"
"Wrong BuyRequest instance in options group.","选项组中错误的购买请求例子"
"Wrong configuration item instance in options group.","选项组中错误的设定项目实例"
"Wrong configuration item option instance in options group.","选项组中错误的设定项目选项实例"
"Wrong option instance type in options group.","选项组中错误的事例类型"
"Wrong option type to get group instance.","用错误的选项类型取得组实例"
"Wrong product instance type in options group.","选项组中错误的产品实例"
"Wrong product type filter specified","指定错误的产品类型过滤"
"Wrong product type to extract configurable options.","用错误的产品类型释放客制选项"
"Year Range","年时间范围"
"Yes","是"
"You cannot remove system attribute from this set.","不能从改组合中删除系统属性"
"You have no items to compare.","没有要比较的产品"
"You may also be interested in the following product(s)","您也许会喜欢下面的产品"
"Zoom In","放大"
"Zoom Out","缩小"
"and","和"
"and above","及以上"
"categories","分类"
"each","每个"
"ex. http://domain.com","例如 http://domain.com"
"leave blank if its not an image","如果不是图片请空白"
"per page","每页"
"products","产品"
"px.","像素"
"save","保存"
"select all","全选"
"unselect all","取消全选"
"x","x"
